datetime,equity,in_position
2021-03-09,1.0,0
2021-03-10,1.0,0
2021-03-11,1.0,0
2021-03-12,1.0,0
2021-03-15,1.0,0
2021-03-16,1.0,0
2021-03-17,1.0,0
2021-03-18,1.0,0
2021-03-19,1.0,0
2021-03-22,1.0,0
2021-03-23,1.0,0
2021-03-24,1.0,0
2021-03-25,1.0,0
2021-03-26,1.0,0
2021-03-29,1.0,0
2021-03-30,1.0,0
2021-03-31,1.0,0
2021-04-01,1.0,0
2021-04-02,1.0,0
2021-04-05,1.0,0
2021-04-06,1.0,0
2021-04-07,1.0,0
2021-04-08,1.0,0
2021-04-09,1.0,0
2021-04-12,1.0,0
2021-04-13,1.0,0
2021-04-14,1.0,0
2021-04-15,1.0,0
2021-04-16,1.0,0
2021-04-19,1.0,0
2021-04-20,1.0,0
2021-04-21,1.0,0
2021-04-22,1.0,0
2021-04-23,1.0,0
2021-04-26,1.0,0
2021-04-27,1.0,0
2021-04-28,1.0,0
2021-04-29,1.0,0
2021-04-30,1.0,0
2021-05-03,1.0,0
2021-05-04,1.0,0
2021-05-06,1.0,0
2021-05-07,1.0,0
2021-05-10,1.0,0
2021-05-11,1.0,0
2021-05-12,1.0,0
2021-05-13,1.0,0
2021-05-14,1.0,0
2021-05-17,1.0,0
2021-05-18,1.0,0
2021-05-20,1.0,0
2021-05-21,1.0,0
2021-05-24,1.0,0
2021-05-25,1.0,0
2021-05-26,1.0,0
2021-05-27,1.0,0
2021-05-28,1.0,0
2021-05-31,1.0,0
2021-06-01,1.0,0
2021-06-02,1.0042194092827004,1
2021-06-03,1.0063291139240507,1
2021-06-04,1.018987341772152,1
2021-06-07,1.018987341772152,1
2021-06-08,1.0274261603375527,1
2021-06-09,1.010548523206751,1
2021-06-10,0.9957805907172995,1
2021-06-11,1.0063291139240507,1
2021-06-14,1.0042194092827004,1
2021-06-15,1.0,1
2021-06-16,1.010548523206751,1
2021-06-17,0.9978902953586498,1
2021-06-18,0.9915611814345993,1
2021-06-21,0.9831223628691984,1
2021-06-22,1.0168776371308017,1
2021-06-23,1.0232067510548524,1
2021-06-24,1.0232067510548524,1
2021-06-25,1.0253164556962027,1
2021-06-28,1.016877637130802,1
2021-06-29,1.0105485232067513,1
2021-06-30,1.0105485232067513,1
2021-07-01,1.0210970464135023,1
2021-07-02,1.008438818565401,1
2021-07-05,0.9957805907172997,1
2021-07-06,0.9957805907172997,1
2021-07-07,0.9789029535864981,1
2021-07-08,0.9683544303797471,1
2021-07-09,0.9535864978902956,1
2021-07-12,0.9704641350210973,1
2021-07-13,0.9704641350210973,1
2021-07-14,0.9704641350210973,1
2021-07-15,0.976793248945148,1
2021-07-16,0.9704641350210973,1
2021-07-19,0.9599156118143461,1
2021-07-20,0.957805907172996,1
2021-07-21,0.9620253164556964,1
2021-07-22,0.9641350210970467,1
2021-07-23,0.9514767932489454,1
2021-07-26,0.947257383966245,1
2021-07-27,0.947257383966245,0
2021-07-28,0.947257383966245,0
2021-07-29,0.947257383966245,0
2021-07-30,0.947257383966245,0
2021-08-02,0.947257383966245,0
2021-08-03,0.947257383966245,0
2021-08-04,0.947257383966245,0
2021-08-05,0.947257383966245,0
2021-08-06,0.947257383966245,0
2021-08-09,0.947257383966245,0
2021-08-10,0.947257383966245,0
2021-08-11,0.947257383966245,0
2021-08-12,0.947257383966245,0
2021-08-13,0.947257383966245,0
2021-08-17,0.947257383966245,0
2021-08-18,0.947257383966245,0
2021-08-19,0.947257383966245,0
2021-08-20,0.947257383966245,0
2021-08-23,0.947257383966245,0
2021-08-24,0.947257383966245,0
2021-08-25,0.947257383966245,0
2021-08-26,0.947257383966245,0
2021-08-27,0.947257383966245,0
2021-08-30,0.947257383966245,0
2021-08-31,0.947257383966245,0
2021-09-01,0.947257383966245,0
2021-09-02,0.947257383966245,0
2021-09-03,0.947257383966245,0
2021-09-06,0.947257383966245,0
2021-09-07,0.947257383966245,0
2021-09-08,0.947257383966245,0
2021-09-09,0.947257383966245,0
2021-09-10,0.947257383966245,0
2021-09-13,0.947257383966245,0
2021-09-14,0.947257383966245,0
2021-09-15,0.947257383966245,0
2021-09-16,0.947257383966245,0
2021-09-17,0.947257383966245,0
2021-09-23,0.947257383966245,0
2021-09-24,0.947257383966245,0
2021-09-27,0.947257383966245,0
2021-09-28,0.947257383966245,0
2021-09-29,0.947257383966245,0
2021-09-30,0.947257383966245,0
2021-10-01,0.947257383966245,0
2021-10-05,0.947257383966245,0
2021-10-06,0.947257383966245,0
2021-10-07,0.947257383966245,0
2021-10-08,0.947257383966245,0
2021-10-12,0.947257383966245,0
2021-10-13,0.947257383966245,0
2021-10-14,0.947257383966245,0
2021-10-15,0.947257383966245,0
2021-10-18,0.947257383966245,0
2021-10-19,0.947257383966245,0
2021-10-20,0.947257383966245,0
2021-10-21,0.947257383966245,0
2021-10-22,0.947257383966245,0
2021-10-25,0.947257383966245,0
2021-10-26,0.947257383966245,0
2021-10-27,0.947257383966245,0
2021-10-28,0.947257383966245,0
2021-10-29,0.947257383966245,0
2021-11-01,0.947257383966245,0
2021-11-02,0.947257383966245,0
2021-11-03,0.947257383966245,0
2021-11-04,0.947257383966245,0
2021-11-05,0.947257383966245,0
2021-11-08,0.947257383966245,1
2021-11-09,0.9384456873712103,1
2021-11-10,0.9186193700323819,1
2021-11-11,0.9031989009910709,1
2021-11-12,0.9164164458836231,1
2021-11-15,0.9208222941811406,1
2021-11-16,0.909807673437347,1
2021-11-17,0.9120105975861058,1
2021-11-18,0.9031989009910709,1
2021-11-19,0.9230252183298994,1
2021-11-22,0.9626778530075562,1
2021-11-23,0.9472573839662453,1
2021-11-24,0.934039839073693,1
2021-11-25,0.9252281424786581,1
2021-11-26,0.9054018251398297,1
2021-11-29,0.8833725836522426,1
2021-11-30,0.8613433421646555,1
2021-12-01,0.8855755078010012,1
2021-12-02,0.9054018251398296,1
2021-12-03,0.9076047492885884,1
2021-12-06,0.9098076734373471,1
2021-12-07,0.9142135217348646,1
2021-12-08,0.9142135217348646,0
2021-12-09,0.9142135217348646,0
2021-12-10,0.9164217669564464,1
2021-12-13,0.9164217669564464,0
2021-12-14,0.9164217669564464,0
2021-12-15,0.9077353047104137,1
2021-12-16,0.909906920271922,1
2021-12-17,0.909906920271922,1
2021-12-20,0.8903623802183485,1
2021-12-21,0.8903623802183485,0
2021-12-22,0.8903623802183485,0
2021-12-23,0.8903623802183485,0
2021-12-24,0.8903623802183485,0
2021-12-27,0.8903623802183485,0
2021-12-28,0.8903623802183485,0
2021-12-29,0.88204123647799,1
2021-12-30,0.8695595208674524,1
2022-01-04,0.8737200927376315,1
2022-01-05,0.8882820942832587,1
2022-01-06,0.8903623802183482,1
2022-01-07,0.8945229520885275,1
2022-01-10,0.8716398068025419,1
2022-01-11,0.8758003786727212,1
2022-01-12,0.8799609505429005,1
2022-01-13,0.8737200927376316,1
2022-01-14,0.8695595208674525,1
2022-01-17,0.8529172333867356,1
2022-01-18,0.8425158037112876,1
2022-01-19,0.8341946599709292,1
2022-01-20,0.8404355177761981,1
2022-01-21,0.8321143740358397,1
2022-01-24,0.8196326584253021,1
2022-01-25,0.8092312287498541,1
2022-01-26,0.8092312287498541,0
2022-01-27,0.8092312287498541,0
2022-01-28,0.8092312287498541,0
2022-02-03,0.8092312287498541,0
2022-02-04,0.8092312287498541,0
2022-02-07,0.8092312287498541,0
2022-02-08,0.8092312287498541,0
2022-02-09,0.8092312287498541,0
2022-02-10,0.8092312287498541,0
2022-02-11,0.8092312287498541,0
2022-02-14,0.8092312287498541,0
2022-02-15,0.8092312287498541,0
2022-02-16,0.8092312287498541,0
2022-02-17,0.8092312287498541,0
2022-02-18,0.8092312287498541,0
2022-02-21,0.8092312287498541,0
2022-02-22,0.8092312287498541,0
2022-02-23,0.8092312287498541,0
2022-02-24,0.8092312287498541,0
2022-02-25,0.8092312287498541,0
2022-02-28,0.8092312287498541,0
2022-03-02,0.8092312287498541,0
2022-03-03,0.8092312287498541,0
2022-03-04,0.8092312287498541,0
2022-03-07,0.8092312287498541,0
2022-03-08,0.8092312287498541,0
2022-03-10,0.8092312287498541,0
2022-03-11,0.8092312287498541,0
2022-03-14,0.8092312287498541,0
2022-03-15,0.8092312287498541,0
2022-03-16,0.8092312287498541,0
2022-03-17,0.8092312287498541,0
2022-03-18,0.8092312287498541,0
2022-03-21,0.8092312287498541,0
2022-03-22,0.8092312287498541,0
2022-03-23,0.8092312287498541,0
2022-03-24,0.8092312287498541,0
2022-03-25,0.8092312287498541,0
2022-03-28,0.8092312287498541,0
2022-03-29,0.8092312287498541,0
2022-03-30,0.8092312287498541,0
2022-03-31,0.8092312287498541,0
2022-04-01,0.8092312287498541,0
2022-04-04,0.8092312287498541,0
2022-04-05,0.8092312287498541,0
2022-04-06,0.8092312287498541,0
2022-04-07,0.8092312287498541,0
2022-04-08,0.8092312287498541,0
2022-04-11,0.8092312287498541,0
2022-04-12,0.8092312287498541,0
2022-04-13,0.8092312287498541,0
2022-04-14,0.8092312287498541,0
2022-04-15,0.8092312287498541,0
2022-04-18,0.8092312287498541,0
2022-04-19,0.8092312287498541,0
2022-04-20,0.8092312287498541,0
2022-04-21,0.8092312287498541,0
2022-04-22,0.8092312287498541,0
2022-04-25,0.8182226868470747,1
2022-04-26,0.8407013320901261,1
2022-04-27,0.8407013320901261,1
2022-04-28,0.8474449256630415,1
2022-04-29,0.8362056030415158,1
2022-05-02,0.8407013320901261,1
2022-05-03,0.8249662804199901,1
2022-05-04,0.8272141449442952,1
2022-05-06,0.8204705513713798,1
2022-05-10,0.8114790932741592,1
2022-05-11,0.8227184158956851,1
2022-05-12,0.8114790932741593,1
2022-05-13,0.8384534675658211,1
2022-05-16,0.8272141449442953,1
2022-05-17,0.8339577385172108,1
2022-05-18,0.8339577385172108,1
2022-05-19,0.8182226868470748,1
2022-05-20,0.8384534675658211,1
2022-05-23,0.8451970611387365,1
2022-05-24,0.8317098739929056,1
2022-05-25,0.8249662804199902,1
2022-05-26,0.8272141449442953,1
2022-05-27,0.8339577385172108,1
2022-05-30,0.8429491966144314,1
2022-05-31,0.8519406547116519,1
2022-06-02,0.8429491966144312,1
2022-06-03,0.8407013320901261,1
2022-06-07,0.8249662804199901,1
2022-06-08,0.822718415895685,1
2022-06-09,0.8204705513713798,1
2022-06-10,0.8294620094686004,1
2022-06-13,0.7867525835068025,1
2022-06-14,0.7710175318366664,1
2022-06-15,0.7822568544581923,1
2022-06-16,0.777761125409582,1
2022-06-17,0.764273938263751,1
2022-06-20,0.7665218027880562,1
2022-06-21,0.7755132608852767,1
2022-06-22,0.7755132608852767,0
2022-06-23,0.7755132608852767,0
2022-06-24,0.7755132608852767,0
2022-06-27,0.7755132608852767,0
2022-06-28,0.7755132608852767,0
2022-06-29,0.7755132608852767,0
2022-06-30,0.7755132608852767,0
2022-07-01,0.7755132608852767,0
2022-07-04,0.7755132608852767,0
2022-07-05,0.7755132608852767,0
2022-07-06,0.7755132608852767,0
2022-07-07,0.7755132608852767,0
2022-07-08,0.7755132608852767,0
2022-07-11,0.7755132608852767,0
2022-07-12,0.7755132608852767,0
2022-07-13,0.7755132608852767,0
2022-07-14,0.7755132608852767,0
2022-07-15,0.7755132608852767,0
2022-07-18,0.7755132608852767,0
2022-07-19,0.7755132608852767,0
2022-07-20,0.7755132608852767,0
2022-07-21,0.7755132608852767,0
2022-07-22,0.7755132608852767,0
2022-07-25,0.7958146551492892,1
2022-07-26,0.7958146551492892,1
2022-07-27,0.7958146551492892,1
2022-07-28,0.7917543762964867,1
2022-07-29,0.7958146551492892,1
2022-08-01,0.7958146551492892,1
2022-08-02,0.7978447945756905,1
2022-08-03,0.7998749340020916,1
2022-08-04,0.7978447945756905,1
2022-08-05,0.7897242368700855,1
2022-08-08,0.7958146551492893,1
2022-08-09,0.7856639580172831,1
2022-08-10,0.7816036791644805,1
2022-08-11,0.7836338185908817,1
2022-08-12,0.7958146551492892,1
2022-08-16,0.8019050734284929,1
2022-08-17,0.7714529820324743,1
2022-08-18,0.7552118666212643,1
2022-08-19,0.7714529820324743,1
2022-08-22,0.7673927031796718,1
2022-08-23,0.7673927031796718,1
2022-08-24,0.7633324243268692,1
2022-08-25,0.7795735397380791,1
2022-08-26,0.7856639580172828,1
2022-08-29,0.7653625637532704,1
2022-08-30,0.7937845157228879,1
2022-08-31,0.7958146551492891,1
2022-09-01,0.7937845157228879,1
2022-09-02,0.7978447945756905,1
2022-09-05,0.8120557705604992,1
2022-09-06,0.8161160494133015,1
2022-09-07,0.8201763282661041,1
2022-09-08,0.812055770560499,1
2022-09-13,0.8140859099869002,1
2022-09-14,0.8059653522812952,1
2022-09-15,0.803935212854894,1
2022-09-16,0.8161160494133015,1
2022-09-19,0.8181461888397028,1
2022-09-20,0.8059653522812953,1
2022-09-21,0.7998749340020915,1
2022-09-22,0.7856639580172828,1
2022-09-23,0.7734831214588753,1
2022-09-26,0.7410008906364554,1
2022-09-27,0.7552118666212642,1
2022-09-28,0.728820054078048,1
2022-09-29,0.736940611783653,1
2022-09-30,0.7166392175196404,1
2022-10-04,0.728820054078048,1
2022-10-05,0.7186693569460417,1
2022-10-06,0.7227296357988443,1
2022-10-07,0.7227296357988443,0
2022-10-11,0.7227296357988443,0
2022-10-12,0.7227296357988443,0
2022-10-13,0.7227296357988443,0
2022-10-14,0.7227296357988443,0
2022-10-17,0.7227296357988443,0
2022-10-18,0.7227296357988443,0
2022-10-19,0.7227296357988443,0
2022-10-20,0.7227296357988443,0
2022-10-21,0.7227296357988443,0
2022-10-24,0.7227296357988443,0
2022-10-25,0.7227296357988443,0
2022-10-26,0.7227296357988443,0
2022-10-27,0.7227296357988443,0
2022-10-28,0.7227296357988443,0
2022-10-31,0.7227296357988443,0
2022-11-01,0.7227296357988443,0
2022-11-02,0.7227296357988443,0
2022-11-03,0.7227296357988443,0
2022-11-04,0.7227296357988443,0
2022-11-07,0.7227296357988443,0
2022-11-08,0.7227296357988443,0
2022-11-09,0.7227296357988443,0
2022-11-10,0.7227296357988443,0
2022-11-11,0.7227296357988443,0
2022-11-14,0.7227296357988443,0
2022-11-15,0.7227296357988443,0
2022-11-16,0.7227296357988443,0
2022-11-17,0.7227296357988443,0
2022-11-18,0.7227296357988443,0
2022-11-21,0.7227296357988443,0
2022-11-22,0.7227296357988443,0
2022-11-23,0.7227296357988443,0
2022-11-24,0.7227296357988443,0
2022-11-25,0.7227296357988443,0
2022-11-28,0.7227296357988443,0
2022-11-29,0.7227296357988443,0
2022-11-30,0.7227296357988443,0
2022-12-01,0.7227296357988443,0
2022-12-02,0.7227296357988443,0
2022-12-05,0.7227296357988443,0
2022-12-06,0.7227296357988443,0
2022-12-07,0.7227296357988443,0
2022-12-08,0.7227296357988443,0
2022-12-09,0.7227296357988443,0
2022-12-12,0.7227296357988443,0
2022-12-13,0.7227296357988443,0
2022-12-14,0.7227296357988443,0
2022-12-15,0.7227296357988443,0
2022-12-16,0.7227296357988443,0
2022-12-19,0.7227296357988443,0
2022-12-20,0.7227296357988443,0
2022-12-21,0.7227296357988443,0
2022-12-22,0.7227296357988443,0
2022-12-23,0.7227296357988443,0
2022-12-26,0.7227296357988443,0
2022-12-27,0.7227296357988443,0
2022-12-28,0.7227296357988443,0
2022-12-29,0.7227296357988443,0
2023-01-02,0.7227296357988443,0
2023-01-03,0.7227296357988443,0
2023-01-04,0.7227296357988443,0
2023-01-05,0.7227296357988443,0
2023-01-06,0.7227296357988443,0
2023-01-09,0.7227296357988443,0
2023-01-10,0.7227296357988443,0
2023-01-11,0.7227296357988443,0
2023-01-12,0.7227296357988443,0
2023-01-13,0.7227296357988443,0
2023-01-16,0.7227296357988443,0
2023-01-17,0.7227296357988443,0
2023-01-18,0.7227296357988443,0
2023-01-19,0.7227296357988443,0
2023-01-20,0.7227296357988443,0
2023-01-25,0.7227296357988443,0
2023-01-26,0.7227296357988443,0
2023-01-27,0.7227296357988443,0
2023-01-30,0.7227296357988443,0
2023-01-31,0.7227296357988443,0
2023-02-01,0.7099755834023941,1
2023-02-02,0.7223045007189626,1
2023-02-03,0.7223045007189626,1
2023-02-06,0.7346334180355312,1
2023-02-07,0.7248553111982526,1
2023-02-08,0.7248553111982526,1
2023-02-09,0.7337831478757677,1
2023-02-10,0.7363339583550577,1
2023-02-13,0.7295317970769509,1
2023-02-14,0.7384596337544661,1
2023-02-15,0.7342082829556493,1
2023-02-16,0.7622671982278397,1
2023-02-17,0.7609917929881947,1
2023-02-20,0.7575907123491413,1
2023-02-21,0.7575907123491413,1
2023-02-22,0.7405853091538744,1
2023-02-23,0.7490880107515079,1
2023-02-24,0.7393099039142295,1
2023-02-27,0.7367590934349394,1
2023-02-28,0.7495131458313896,1
2023-03-02,0.7588661175887864,1
2023-03-03,0.7486628756716263,1
2023-03-06,0.7546147667899696,1
2023-03-07,0.7444115248728095,1
2023-03-08,0.7435612547130461,1
2023-03-09,0.7495131458313895,1
2023-03-10,0.7439863897929277,1
2023-03-13,0.7482377405917445,1
2023-03-14,0.7269809865976609,1
2023-03-15,0.7410104442337561,1
2023-03-16,0.7397350389941111,1
2023-03-17,0.7507885510710346,1
2023-03-20,0.7444115248728095,1
2023-03-21,0.7473874704319813,1
2023-03-22,0.7665185490266566,1
2023-03-23,0.76736881918642,1
2023-03-24,0.7554650369497331,1
2023-03-27,0.7486628756716264,1
2023-03-28,0.7529142264704431,1
2023-03-29,0.7669436841065383,1
2023-03-30,0.7703447647455917,1
2023-03-31,0.7843742223816869,1
2023-04-03,0.7805480066627518,1
2023-04-04,0.7813982768225152,1
2023-04-05,0.7937271941390838,1
2023-04-06,0.786925032860977,1
2023-04-07,0.786925032860977,1
2023-04-10,0.7903261135000303,1
2023-04-11,0.8166844884526941,1
2023-04-12,0.8426177283254762,1
2023-04-13,0.8455936738846479,1
2023-04-14,0.8336898916479611,1
2023-04-17,0.8290134057692627,1
2023-04-18,0.8137085428935226,1
2023-04-19,0.8230615146509195,1
2023-04-20,0.8183850287722211,1
2023-04-21,0.809457192094706,1
2023-04-24,0.8158342182929311,1
2023-04-25,0.8545215105621635,1
2023-04-26,0.856647185961572,1
2023-04-27,0.8587728613609803,1
2023-04-28,0.839641782766305,1
2023-05-02,0.856647185961572,1
2023-05-03,0.8545215105621636,1
2023-05-04,0.8468690791242935,1
2023-05-08,0.8608985367603887,1
2023-05-09,0.8715269137574306,1
2023-05-10,0.8927836677515143,1
2023-05-11,0.8842809661538809,1
2023-05-12,0.8864066415532893,1
2023-05-15,0.884280966153881,1
2023-05-16,0.8608985367603889,1
2023-05-17,0.8694012383580224,1
2023-05-18,0.877903939955656,1
2023-05-19,0.8736525891568392,1
2023-05-22,0.8821552907544726,1
2023-05-23,0.8821552907544726,1
2023-05-24,0.8821552907544726,1
2023-05-25,0.8651498875592056,1
2023-05-26,0.8736525891568392,1
2023-05-30,0.8523958351627555,1
2023-05-31,0.8502701597633472,1
2023-06-01,0.8396417827663054,1
2023-06-02,0.848144484363939,1
2023-06-05,0.8545215105621641,1
2023-06-07,0.834965296887607,1
2023-06-08,0.8362407021272521,1
2023-06-09,0.8379412424467788,1
2023-06-12,0.8341150267278438,1
2023-06-13,0.8417674581657139,1
2023-06-14,0.8545215105621641,1
2023-06-15,0.8489947545237023,1
2023-06-16,0.8477193492840572,1
2023-06-19,0.8472942142041756,1
2023-06-20,0.8413423230858321,1
2023-06-21,0.8672755629586143,1
2023-06-22,0.8587728613609809,1
2023-06-23,0.8498450246834657,1
2023-06-26,0.8523958351627557,1
2023-06-27,0.8757782645562477,1
2023-06-28,0.8757782645562477,1
2023-06-29,0.8694012383580226,1
2023-06-30,0.8779039399556562,1
2023-07-03,0.8864066415532897,1
2023-07-04,0.8842809661538814,1
2023-07-05,0.8736525891568396,1
2023-07-06,0.8779039399556564,1
2023-07-07,0.8672755629586145,1
2023-07-10,0.8736525891568396,1
2023-07-11,0.8800296153550649,1
2023-07-12,0.8651498875592063,1
2023-07-13,0.8651498875592063,1
2023-07-14,0.8864066415532901,1
2023-07-17,0.8651498875592064,1
2023-07-18,0.856647185961573,1
2023-07-19,0.8587728613609813,1
2023-07-20,0.8523958351627562,1
2023-07-21,0.8502701597633479,1
2023-07-24,0.8468690791242944,1
2023-07-25,0.8523958351627563,1
2023-07-26,0.8447434037248861,1
2023-07-27,0.8409171880059509,1
2023-07-28,0.8366658372071342,1
2023-07-31,0.8332647565680809,1
2023-08-01,0.8332647565680809,0
2023-08-02,0.8332647565680809,0
2023-08-03,0.8332647565680809,0
2023-08-04,0.8332647565680809,0
2023-08-07,0.8332647565680809,0
2023-08-08,0.8332647565680809,0
2023-08-09,0.8332647565680809,0
2023-08-10,0.8332647565680809,0
2023-08-11,0.8332647565680809,0
2023-08-14,0.8332647565680809,0
2023-08-16,0.8332647565680809,0
2023-08-17,0.8332647565680809,0
2023-08-18,0.8332647565680809,0
2023-08-21,0.8332647565680809,0
2023-08-22,0.8332647565680809,0
2023-08-23,0.8332647565680809,0
2023-08-24,0.8332647565680809,0
2023-08-25,0.8332647565680809,0
2023-08-28,0.8332647565680809,0
2023-08-29,0.8332647565680809,0
2023-08-30,0.8332647565680809,0
2023-08-31,0.8332647565680809,0
2023-09-01,0.8332647565680809,0
2023-09-04,0.8332647565680809,0
2023-09-05,0.8332647565680809,0
2023-09-06,0.8332647565680809,0
2023-09-07,0.8332647565680809,0
2023-09-08,0.8332647565680809,0
2023-09-11,0.8332647565680809,0
2023-09-12,0.8332647565680809,0
2023-09-13,0.8332647565680809,0
2023-09-14,0.8332647565680809,0
2023-09-15,0.8332647565680809,0
2023-09-18,0.8332647565680809,0
2023-09-19,0.8332647565680809,0
2023-09-20,0.8332647565680809,0
2023-09-21,0.8332647565680809,0
2023-09-22,0.8332647565680809,0
2023-09-25,0.8332647565680809,0
2023-09-26,0.8332647565680809,0
2023-09-27,0.8332647565680809,0
2023-10-04,0.8332647565680809,0
2023-10-05,0.8332647565680809,0
2023-10-06,0.8332647565680809,0
2023-10-10,0.8332647565680809,0
2023-10-11,0.8332647565680809,0
2023-10-12,0.8332647565680809,0
2023-10-13,0.8332647565680809,0
2023-10-16,0.8332647565680809,0
2023-10-17,0.8332647565680809,0
2023-10-18,0.8332647565680809,0
2023-10-19,0.8332647565680809,0
2023-10-20,0.8094445888313544,1
2023-10-23,0.8094445888313544,0
2023-10-24,0.8094445888313544,0
2023-10-25,0.8094445888313544,0
2023-10-26,0.8094445888313544,0
2023-10-27,0.8094445888313544,0
2023-10-30,0.8094445888313544,0
2023-10-31,0.8094445888313544,0
2023-11-01,0.8094445888313544,0
2023-11-02,0.8094445888313544,0
2023-11-03,0.8094445888313544,0
2023-11-06,0.8094445888313544,0
2023-11-07,0.8094445888313544,0
2023-11-08,0.8094445888313544,0
2023-11-09,0.8094445888313544,0
2023-11-10,0.8094445888313544,0
2023-11-13,0.8094445888313544,0
2023-11-14,0.8094445888313544,0
2023-11-15,0.8094445888313544,0
2023-11-16,0.8094445888313544,0
2023-11-17,0.8094445888313544,0
2023-11-20,0.8094445888313544,0
2023-11-21,0.8094445888313544,0
2023-11-22,0.8094445888313544,0
2023-11-23,0.8094445888313544,0
2023-11-24,0.8094445888313544,0
2023-11-27,0.8094445888313544,0
2023-11-28,0.8094445888313544,0
2023-11-29,0.8094445888313544,0
2023-11-30,0.8094445888313544,0
2023-12-01,0.8094445888313544,0
2023-12-04,0.8094445888313544,0
2023-12-05,0.8094445888313544,0
2023-12-06,0.8094445888313544,0
2023-12-07,0.8094445888313544,0
2023-12-08,0.8094445888313544,0
2023-12-11,0.8094445888313544,0
2023-12-12,0.8094445888313544,0
2023-12-13,0.8094445888313544,0
2023-12-14,0.8085695136001854,1
2023-12-15,0.8435725228469467,1
2023-12-18,0.8400722219222706,1
2023-12-19,0.8409472971534396,1
2023-12-20,0.8711373926287713,1
2023-12-21,0.8693872421664333,1
2023-12-22,0.8706998550131868,1
2023-12-26,0.8698247797820178,1
2023-12-27,0.8685121669352642,1
2023-12-28,0.8903890477144899,1
2024-01-02,0.8772629192469544,1
2024-01-03,0.8479478990027919,1
2024-01-04,0.8313214696105803,1
2024-01-05,0.8195079539897984,1
2024-01-08,0.8125073521404461,1
2024-01-09,0.8120698145248616,1
2024-01-10,0.8168827282962913,1
2024-01-11,0.8181953411430448,1
2024-01-12,0.8138199649871997,1
2024-01-15,0.8203830292209674,1
2024-01-16,0.8146950402183687,1
2024-01-17,0.79544338513265,1
2024-01-18,0.7884427832832978,1
2024-01-19,0.7950058475170656,1
2024-01-22,0.7880052456677133,1
2024-01-23,0.8085695136001856,1
2024-01-24,0.8094445888313546,1
2024-01-25,0.8256334806079817,1
2024-01-26,0.8195079539897985,1
2024-01-29,0.8558235760833134,1
2024-01-30,0.8313214696105805,1
2024-01-31,0.8514481999274682,1
2024-02-01,0.9100782404157934,1
2024-02-02,0.9932103873768514,1
2024-02-05,1.0413395250911481,1
2024-02-06,1.0304010847015352,1
2024-02-07,1.0719671581820642,1
2024-02-08,1.09384403896129,1
2024-02-13,1.0894686628054449,1
2024-02-14,1.0741548462599868,1
2024-02-15,1.0435272131690707,1
2024-02-16,1.104782479350903,1
2024-02-19,1.104782479350903,1
2024-02-20,1.0588410297145288,1
2024-02-21,1.0479025893249159,1
2024-02-22,1.0654040939482965,1
2024-02-23,1.067591782026219,1
2024-02-26,1.0457149012469933,1
2024-02-27,1.0435272131690707,1
2024-02-28,1.0850932866495997,1
2024-02-29,1.0960317270392126,1
2024-03-04,1.1179086078184384,1
2024-03-05,1.0894686628054449,1
2024-03-06,1.0982194151171354,1
2024-03-07,1.0938440389612902,1
2024-03-08,1.1069701674288257,1
2024-03-11,1.0654040939482967,1
2024-03-12,1.0566533416366064,1
2024-03-13,1.0872809747275225,1
2024-03-14,1.100407103195058,1
2024-03-15,1.0654040939482967,1
2024-03-18,1.0610287177924516,1
2024-03-19,1.0391518370132258,1
2024-03-20,1.0544656535586838,1
2024-03-21,1.1025947912729808,1
2024-03-22,1.065404093948297,1
2024-03-25,1.0479025893249163,1
2024-03-26,1.0522779654807615,1
2024-03-27,1.0675917820262195,1
2024-03-28,1.0369641489353034,1
2024-03-29,1.0194626443119228,1
2024-04-01,0.9953980754547743,1
2024-04-02,0.9625827542859356,1
2024-04-03,0.945081249662555,1
2024-04-04,0.9888350112210066,1
2024-04-05,0.986647323143084,1
2024-04-08,1.0172749562340002,1
2024-04-09,0.9975857635326969,1
2024-04-11,1.054465653558684,1
2024-04-12,1.0413395250911486,1
2024-04-15,1.0566533416366066,1
2024-04-16,1.0588410297145292,1
2024-04-17,1.0216503323898454,1
2024-04-18,1.0107118920002325,1
2024-04-19,1.028213396623613,1
2024-04-22,1.028213396623613,0
2024-04-23,1.028213396623613,0
2024-04-24,1.028213396623613,0
2024-04-25,1.028213396623613,0
2024-04-26,1.028213396623613,0
2024-04-29,1.028213396623613,0
2024-04-30,1.028213396623613,0
2024-05-02,1.028213396623613,0
2024-05-03,1.028213396623613,0
2024-05-07,1.028213396623613,0
2024-05-08,1.028213396623613,0
2024-05-09,1.0069693181809765,1
2024-05-10,1.0260889887793496,1
2024-05-13,1.0409598436891954,1
2024-05-14,1.0473330672219865,1
2024-05-16,1.0494574750662502,1
2024-05-17,1.0367110280006682,1
2024-05-20,1.0643283299760957,1
2024-05-21,1.074950369197414,1
2024-05-22,1.1769219457220699,1
2024-05-23,1.1535534594351697,1
2024-05-24,1.1365581966810605,1
2024-05-27,1.128060565304006,1
2024-05-28,1.1259361574597422,1
2024-05-29,1.108940894705633,1
2024-05-30,1.0919456319515237,1
2024-05-31,1.0749503691974145,1
2024-06-03,1.1259361574597424,1
2024-06-04,1.1004432633285783,1
2024-06-05,1.121687341771215,1
2024-06-07,1.1259361574597424,1
2024-06-10,1.136558196681061,1
2024-06-11,1.1514290515909065,1
2024-06-12,1.1471802359023793,1
2024-06-13,1.142931420213852,1
2024-06-14,1.1386826045253247,1
2024-06-17,1.1832951692548617,1
2024-06-18,1.2024148398532348,1
2024-06-19,1.2172856947630806,1
2024-06-20,1.2130368790745534,1
2024-06-21,1.189668392787653,1
2024-06-24,1.1939172084761804,1
2024-06-25,1.2257833261401356,1
2024-06-26,1.2300321418286628,1
2024-06-27,1.2661470751811452,1
2024-06-28,1.2534006281155632,1
2024-07-01,1.2151612869188173,1
2024-07-02,1.1578022751236983,1
2024-07-03,1.172673130033544,1
2024-07-04,1.179046353566335,1
2024-07-05,1.1939172084761807,1
2024-07-08,1.2024148398532353,1
2024-07-09,1.1662999065007529,1
2024-07-10,1.1662999065007529,1
2024-07-11,1.1832951692548623,1
2024-07-12,1.153553459435171,1
2024-07-15,1.140807012369589,1
2024-07-16,1.166299906500753,1
2024-07-17,1.140807012369589,1
2024-07-18,1.1068164868613704,1
2024-07-19,1.0983188554843157,1
2024-07-22,1.08344800057447,1
2024-07-23,1.1195629339269524,1
2024-07-24,1.0983188554843157,1
2024-07-25,1.0685771456646243,1
2024-07-26,1.0345866201564056,1
2024-07-29,1.0855724084187337,1
2024-07-30,1.0622039221318333,1
2024-07-31,1.057955106443306,1
2024-08-01,1.057955106443306,0
2024-08-02,1.057955106443306,0
2024-08-05,1.057955106443306,0
2024-08-06,1.057955106443306,0
2024-08-07,1.057955106443306,0
2024-08-08,1.057955106443306,0
2024-08-09,1.057955106443306,0
2024-08-12,1.057955106443306,0
2024-08-13,1.057955106443306,0
2024-08-14,1.057955106443306,0
2024-08-16,1.057955106443306,0
2024-08-19,1.057955106443306,0
2024-08-20,1.057955106443306,0
2024-08-21,1.057955106443306,0
2024-08-22,1.057955106443306,0
2024-08-23,1.057955106443306,0
2024-08-26,1.057955106443306,0
2024-08-27,1.057955106443306,0
2024-08-28,1.057955106443306,0
2024-08-29,1.057955106443306,0
2024-08-30,1.057955106443306,0
2024-09-02,1.057955106443306,0
2024-09-03,1.057955106443306,0
2024-09-04,1.057955106443306,0
2024-09-05,1.057955106443306,0
2024-09-06,1.057955106443306,0
2024-09-09,1.057955106443306,0
2024-09-10,1.057955106443306,0
2024-09-11,1.057955106443306,0
2024-09-12,1.057955106443306,0
2024-09-13,1.057955106443306,0
2024-09-19,1.057955106443306,0
2024-09-20,1.057955106443306,0
2024-09-23,1.057955106443306,0
2024-09-24,1.057955106443306,0
2024-09-25,1.057955106443306,0
2024-09-26,1.057955106443306,0
2024-09-27,1.057955106443306,0
2024-09-30,1.057955106443306,0
2024-10-02,1.057955106443306,0
2024-10-04,1.057955106443306,0
2024-10-07,1.057955106443306,0
2024-10-08,1.057955106443306,0
2024-10-10,1.057955106443306,0
2024-10-11,1.057955106443306,0
2024-10-14,1.057955106443306,0
2024-10-15,1.057955106443306,0
2024-10-16,1.057955106443306,0
2024-10-17,1.057955106443306,0
2024-10-18,1.057955106443306,0
2024-10-21,1.0692339455311877,1
2024-10-22,1.057955106443306,1
2024-10-23,1.0872800880717983,1
2024-10-24,1.0308858926323896,1
2024-10-25,1.0308858926323896,0
2024-10-28,1.0308858926323896,0
2024-10-29,1.0308858926323896,0
2024-10-30,1.0308858926323896,0
2024-10-31,1.0308858926323896,0
2024-11-01,1.0308858926323896,0
2024-11-04,1.0308858926323896,0
2024-11-05,1.0308858926323896,0
2024-11-06,1.0308858926323896,0
2024-11-07,1.0308858926323896,0
2024-11-08,1.0308858926323896,0
2024-11-11,1.0308858926323896,0
2024-11-12,1.0308858926323896,0
2024-11-13,1.0308858926323896,0
2024-11-14,1.0308858926323896,0
2024-11-15,1.0308858926323896,0
2024-11-18,1.0308858926323896,0
2024-11-19,1.0308858926323896,0
2024-11-20,1.0308858926323896,0
2024-11-21,1.0308858926323896,0
2024-11-22,1.0308858926323896,0
2024-11-25,1.0308858926323896,0
2024-11-26,1.0308858926323896,0
2024-11-27,1.0308858926323896,0
2024-11-28,1.0308858926323896,0
2024-11-29,1.0308858926323896,0
2024-12-02,1.0308858926323896,0
2024-12-03,1.0308858926323896,0
2024-12-04,1.0308858926323896,0
2024-12-05,1.0308858926323896,0
2024-12-06,1.0308858926323896,0
2024-12-09,1.0308858926323896,0
2024-12-10,1.0308858926323896,0
2024-12-11,1.0308858926323896,0
2024-12-12,1.0308858926323896,0
2024-12-13,1.0308858926323896,0
2024-12-16,1.0308858926323896,0
2024-12-17,1.0308858926323896,0
2024-12-18,1.0308858926323896,0
2024-12-19,1.0308858926323896,0
2024-12-20,1.0308858926323896,0
2024-12-23,1.0308858926323896,0
2024-12-24,1.0308858926323896,0
2024-12-26,1.0308858926323896,0
2024-12-27,1.0308858926323896,0
2024-12-30,1.0308858926323896,0
2025-01-02,1.0308858926323896,0
2025-01-03,1.0308858926323896,0
2025-01-06,1.0308858926323896,0
2025-01-07,1.0308858926323896,0
2025-01-08,1.0308858926323896,0
2025-01-09,1.0308858926323896,0
2025-01-10,1.0308858926323896,0
2025-01-13,1.0308858926323896,0
2025-01-14,1.0308858926323896,0
2025-01-15,1.0308858926323896,0
2025-01-16,1.0308858926323896,0
2025-01-17,0.9955815812408694,1
2025-01-20,0.9814598566842613,1
2025-01-21,0.9720453736465225,1
2025-01-22,0.9814598566842614,1
2025-01-23,0.9838134774436961,1
2025-01-24,0.9649845113682186,1
2025-01-31,0.969691752887088,1
2025-02-03,0.9508627868116105,1
2025-02-04,0.9461555452927412,1
2025-02-05,0.9461555452927412,0
2025-02-06,0.9461555452927412,0
2025-02-07,0.9461555452927412,0
2025-02-10,0.9461555452927412,0
2025-02-11,0.9461555452927412,0
2025-02-12,0.9461555452927412,0
2025-02-13,0.9461555452927412,0
2025-02-14,0.9461555452927412,0
2025-02-17,0.9461555452927412,0
2025-02-18,0.9461555452927412,0
2025-02-19,0.9461555452927412,0
2025-02-20,0.9461555452927412,0
2025-02-21,0.9461555452927412,0
2025-02-24,0.9461555452927412,0
2025-02-25,0.9461555452927412,0
2025-02-26,0.9461555452927412,0
2025-02-27,0.9461555452927412,0
2025-02-28,0.9461555452927412,0
2025-03-04,0.9461555452927412,0
2025-03-05,0.9461555452927412,0
2025-03-06,0.9461555452927412,0
2025-03-07,0.9461555452927412,0
2025-03-10,0.9461555452927412,0
2025-03-11,0.9461555452927412,0
2025-03-12,0.9461555452927412,0
2025-03-13,0.9461555452927412,0
2025-03-14,0.9461555452927412,0
2025-03-17,0.9461555452927412,0
2025-03-18,0.9461555452927412,0
2025-03-19,0.9461555452927412,0
2025-03-20,0.9461555452927412,0
2025-03-21,0.9461555452927412,0
2025-03-24,0.9461555452927412,0
2025-03-25,0.9461555452927412,0
2025-03-26,0.9461555452927412,0
2025-03-27,0.9461555452927412,0
2025-03-28,0.9461555452927412,0
2025-03-31,0.9461555452927412,0
2025-04-01,0.9461555452927412,0
2025-04-02,0.9461555452927412,0
2025-04-03,0.9461555452927412,0
2025-04-04,0.9461555452927412,0
2025-04-07,0.9461555452927412,0
2025-04-08,0.9461555452927412,0
2025-04-09,0.9461555452927412,0
2025-04-10,0.9461555452927412,0
2025-04-11,0.9461555452927412,0
2025-04-14,0.9461555452927412,0
2025-04-15,0.9461555452927412,0
2025-04-16,0.9461555452927412,0
2025-04-17,0.9461555452927412,0
2025-04-18,0.9461555452927412,0
2025-04-21,0.9461555452927412,0
2025-04-22,0.9461555452927412,0
2025-04-23,0.9461555452927412,0
2025-04-24,0.9461555452927412,0
2025-04-25,0.9461555452927412,0
2025-04-28,0.9461555452927412,0
2025-04-29,0.9461555452927412,0
2025-04-30,0.9461555452927412,0
2025-05-02,0.9461555452927412,0
2025-05-07,0.9461555452927412,0
2025-05-08,0.9461555452927412,0
2025-05-09,0.9461555452927412,0
2025-05-12,0.9461555452927412,0
2025-05-13,0.9461555452927412,0
2025-05-14,0.9461555452927412,0
2025-05-15,0.9461555452927412,0
2025-05-16,0.9461555452927412,0
2025-05-19,0.9461555452927412,0
2025-05-20,0.9461555452927412,0
2025-05-21,0.9461555452927412,0
2025-05-22,0.9461555452927412,0
2025-05-23,0.9461555452927412,0
2025-05-26,0.9461555452927412,0
2025-05-27,0.9461555452927412,0
2025-05-28,0.9461555452927412,0
2025-05-29,0.9461555452927412,0
2025-05-30,0.9461555452927412,0
2025-06-02,0.9461555452927412,0
2025-06-04,0.9461555452927412,0
2025-06-05,0.9461555452927412,0
2025-06-09,0.9461555452927412,0
2025-06-10,0.9461555452927412,0
2025-06-11,0.9461555452927412,0
2025-06-12,0.9461555452927412,0
2025-06-13,0.9461555452927412,0
2025-06-16,0.9461555452927412,0
2025-06-17,0.9461555452927412,0
2025-06-18,0.9461555452927412,0
2025-06-19,0.9461555452927412,0
2025-06-20,0.9598679444998824,1
2025-06-23,0.9210161467463158,1
2025-06-24,0.9415847455570276,1
2025-06-25,0.9918635426498786,1
2025-06-26,0.9575825446320256,1
2025-06-27,0.9370139458213138,1
2025-06-30,0.9301577462177432,1
2025-07-01,0.9598679444998824,1
2025-07-02,0.9758657435748804,1
2025-07-03,0.9804365433105942,1
2025-07-04,0.9621533443677392,1
2025-07-07,0.9530117448963118,1
2025-07-08,0.9644387442355961,1
2025-07-09,0.9575825446320254,1
2025-07-10,0.9507263450284548,1
2025-07-11,0.9507263450284548,1
2025-07-14,0.9918635426498783,1
2025-07-15,0.964438744235596,1
2025-07-16,0.948440945160598,1
2025-07-17,0.9598679444998822,1
2025-07-18,0.962153344367739,1
2025-07-21,0.9552971447641684,1
2025-07-22,0.943870145424884,1
2025-07-23,1.0147175413284468,1
2025-07-24,0.994148942517735,1
2025-07-25,0.9895781427820213,1
2025-07-28,0.9987197422534488,1
2025-07-29,0.996434342385592,1
2025-07-30,1.0192883410641607,1
2025-07-31,0.9735803437070234,1
2025-08-01,0.9598679444998822,1
2025-08-04,0.964438744235596,1
2025-08-05,0.9621533443677391,1
2025-08-06,0.9621533443677391,1
2025-08-07,0.9712949438391666,1
2025-08-08,0.9712949438391666,1
2025-08-11,0.9712949438391666,1
2025-08-12,0.9735803437070235,1
2025-08-13,0.9872927429141647,1
2025-08-14,0.9941489425177352,1
2025-08-18,0.9895781427820215,1
2025-08-19,1.0010051421213058,1
2025-08-20,1.0078613417248763,1
2025-08-21,1.0124321414605901,1
2025-08-22,1.0055759418570196,1
2025-08-25,1.014717541328447,1
2025-08-26,0.9987197422534491,1
2025-08-27,1.0055759418570198,1
2025-08-28,1.0147175413284473,1
2025-08-29,1.0055759418570198,1
2025-09-01,1.0078613417248765,1
2025-09-02,1.0055759418570196,1
2025-09-03,1.0124321414605901,1
2025-09-04,1.0124321414605901,1
2025-09-05,1.0055759418570196,1
2025-09-08,0.998719742253449,1
2025-09-09,1.001005142121306,1
2025-09-10,1.0078613417248765,1
2025-09-11,1.0192883410641609,1
2025-09-12,1.0215737409320176,1
2025-09-15,0.9827219431784509,1
2025-09-16,0.9827219431784509,1
2025-09-17,0.9872927429141647,1
2025-09-18,0.9895781427820216,1
2025-09-22,0.9964343423855923,1
2025-09-23,1.001005142121306,1
2025-09-24,0.9941489425177353,1
2025-09-25,0.9918635426498784,1
2025-09-26,0.980436543310594,1
2025-09-29,0.982721943178451,1
2025-09-30,0.982721943178451,1
2025-10-01,0.9850073430463079,1
2025-10-02,1.0055759418570198,1
2025-10-10,0.9918635426498786,1
2025-10-13,0.9987197422534493,1
2025-10-14,1.019288341064161,1
2025-10-15,1.0215737409320178,1
2025-10-16,1.1061335360427216,1
2025-10-17,1.1107043357784354,1
2025-10-20,1.1335583344570042,1
2025-10-21,1.1724101322105707,1
2025-10-22,1.1929787310212825,1
2025-10-23,1.151841533399859,1
2025-10-24,1.154126933267716,1
2025-10-27,1.1632685327391434,1
2025-10-28,1.1449853337962885,1
2025-10-29,1.1792663318141414,1
2025-10-30,1.2112619299641376,1
2025-10-31,1.3255319233569807,1
2025-11-03,1.3323881229605514,1
2025-11-04,1.2615407270569885,1
2025-11-05,1.2272597290391356,1
2025-11-06,1.2295451289069923,1
2025-11-07,1.2066911302284238,1
2025-11-10,1.236401328510563,1
2025-11-11,1.2295451289069925,1
2025-11-12,1.2592553271891318,1
2025-11-13,1.272967726396273,1
2025-11-14,1.2455429279819907,1
2025-11-17,1.240972128246277,1
2025-11-18,1.2089765300962807,1
2025-11-19,1.2066911302284238,1
2025-11-20,1.1975495307569963,1
2025-11-21,1.186122531417712,1
2025-11-24,1.1769809319462845,1
2025-11-25,1.1769809319462845,1
2025-11-26,1.1952641308891394,1
2025-11-27,1.1952641308891394,1
2025-11-28,1.1952641308891394,1
2025-12-01,1.1632685327391434,1
2025-12-02,1.2158327296998515,1
2025-12-03,1.2181181295677084,1
2025-12-04,1.2958217250748418,1
2025-12-05,1.4398019167498244,1
